"dthr","indicativo","lat","lon"
2023-11-15 18:22:59.000,PRBBC,-23.61087159001373,-46.624287901311924
2023-11-15 18:23:03.000,PRBBC,-23.61035595274841,-46.62287060313167
2023-11-15 18:23:07.000,PRBBC,-23.609326385625934,-46.6198140203092
2023-11-15 18:23:11.000,PRBBC,-23.608452192646322,-46.61749511557573
2023-11-15 18:23:15.000,PRBBC,-23.60766849229936,-46.61536746071718
2023-11-15 18:23:19.000,PRBBC,-23.606766980789136,-46.6130485559837
2023-11-15 18:23:23.000,PRBBC,-23.605952547095235,-46.61066134772347
2023-11-15 18:23:27.000,PRBBC,-23.60519616527889,-46.60842440722211
2023-11-15 18:23:31.000,PRBBC,-23.604407342707443,-46.60591766779005
2023-11-15 18:23:35.000,PRBBC,-23.603485342299255,-46.6034928925901
2023-11-15 18:23:39.000,PRBBC,-23.60272383825842,-46.60123546103071
2023-11-15 18:23:43.000,PRBBC,-23.601907697156356,-46.59873555195133
2023-11-15 18:23:47.000,PRBBC,-23.601038626401234,-46.59623564287194
2023-11-15 18:23:51.000,PRBBC,-23.60042225205428,-46.593886001551425
2023-11-15 18:23:55.000,PRBBC,-23.59967099246242,-46.59136560141401
2023-11-15 18:23:59.000,PRBBC,-23.598759236503216,-46.5888178798659
2023-11-15 18:24:03.000,PRBBC,-23.598276039993,-46.58742790309635
2023-11-15 18:24:07.000,PRBBC,-23.59749916927869,-46.58491774848795
2023-11-15 18:24:11.000,PRBBC,-23.595352957217415,-46.58152647838436
2023-11-15 18:24:15.000,PRBBC,-23.59500976817659,-46.580006724913964
2023-11-15 18:24:19.000,PRBBC,-23.593910197319417,-46.57753072206895
2023-11-15 18:24:23.000,PRBBC,-23.595142946013326,-46.57331980964425
2023-11-15 18:24:27.000,PRBBC,-23.595610775850073,-46.57050228916543
2023-11-15 18:24:31.000,PRBBC,-23.595503209135785,-46.567674523157606
2023-11-15 18:24:35.000,PRBBC,-23.595475890605172,-46.564833096444424
2023-11-15 18:24:39.000,PRBBC,-23.595337590543945,-46.563255284976286
2023-11-15 18:24:43.000,PRBBC,-23.59528295348272,-46.56051972872958
2023-11-15 18:24:47.000,PRBBC,-23.595230023829654,-46.55779783318823
2023-11-15 18:24:51.000,PRBBC,-23.594451445707186,-46.55544477669138
2023-11-15 18:24:55.000,PRBBC,-23.59416801595208,-46.55278435432411
2023-11-15 18:24:59.000,PRBBC,-23.59385556025819,-46.55010685607515
2023-11-15 18:25:03.000,PRBBC,-23.594403638278614,-46.547685496051535
2023-11-15 18:25:07.000,PRBBC,-23.59435070862555,-46.54503190403695
2023-11-15 18:25:11.000,PRBBC,-23.594263630809223,-46.542327084377284
2023-11-15 18:25:15.000,PRBBC,-23.59222498546223,-46.53897338121341
2023-11-15 18:25:19.000,PRBBC,-23.591190296115265,-46.53579385204277
2023-11-15 18:25:23.000,PRBBC,-23.590879547829545,-46.53271336298593
2023-11-15 18:25:27.000,PRBBC,-23.59067636625811,-46.530558386716685
2023-11-15 18:25:31.000,PRBBC,-23.590450988380553,-46.52753254048125
2023-11-15 18:25:35.000,PRBBC,-23.59041854762545,-46.524421314837376
2023-11-15 18:25:39.000,PRBBC,-23.590225610502998,-46.5225702892622
2023-11-15 18:25:43.000,PRBBC,-23.59002584374789,-46.51955127337945
2023-11-15 18:25:47.000,PRBBC,-23.589441910156037,-46.51680205642739
2023-11-15 18:25:51.000,PRBBC,-23.58931897676828,-46.51486565144377
2023-11-15 18:25:55.000,PRBBC,-23.58906115813562,-46.51188420250073
2023-11-15 18:25:59.000,PRBBC,-23.588755532074387,-46.508953981202765
2023-11-15 18:26:03.000,PRBBC,-23.588159646625392,-46.507147352919986
2023-11-15 18:26:07.000,PRBBC,-23.587934268747837,-46.504206886093
2023-11-15 18:26:11.000,PRBBC,-23.587488635217213,-46.50140644149588
2023-11-15 18:26:15.000,PRBBC,-23.587280331421287,-46.50017697801422
2023-11-15 18:26:19.000,PRBBC,-23.58705495354373,-46.496546645566966
2023-11-15 18:26:23.000,PRBBC,-23.586829575666176,-46.49362666979801
2023-11-15 18:26:27.000,PRBBC,-23.586153442033503,-46.492581625838596
2023-11-15 18:26:31.000,PRBBC,-23.5855951195641,-46.489101561150214
2023-11-15 18:26:35.000,PRBBC,-23.585096556380417,-46.486311362082105
2023-11-15 18:26:39.000,PRBBC,-23.58486605627837,-46.484976028133964
2023-11-15 18:26:44.000,PRBBC,-23.584389689400805,-46.481567682148686
2023-11-15 18:26:48.000,PRBBC,-23.58501118597225,-46.478473532386495
2023-11-15 18:26:52.000,PRBBC,-23.586674201523312,-46.47687864503667
2023-11-15 18:26:56.000,PRBBC,-23.587263257339654,-46.4734805445804
2023-11-15 18:27:00.000,PRBBC,-23.58854039864581,-46.470683515159614
2023-11-15 18:27:04.000,PRBBC,-23.58984998070707,-46.469846796956816
2023-11-15 18:27:08.000,PRBBC,-23.59111004793159,-46.46654090626167
2023-11-15 18:27:12.000,PRBBC,-23.59200643721733,-46.46414345247243
2023-11-15 18:27:16.000,PRBBC,-23.593737749094924,-46.46342968061779
2023-11-15 18:27:20.000,PRBBC,-23.596152024237842,-46.46015794168603
2023-11-15 18:27:24.000,PRBBC,-23.598731917972604,-46.45683839028553
2023-11-15 18:27:28.000,PRBBC,-23.598067736197073,-46.456800823345816
2023-11-15 18:27:32.000,PRBBC,-23.599204870033837,-46.453453950534616
2023-11-15 18:27:36.000,PRBBC,-23.600104674135903,-46.45036321594877
2023-11-15 18:27:40.000,PRBBC,-23.600142237115495,-46.44897323917922
2023-11-15 18:27:44.000,PRBBC,-23.601038626401234,-46.44525752732352
2023-11-15 18:27:48.000,PRBBC,-23.601747200789006,-46.44220435967739
2023-11-15 18:27:52.000,PRBBC,-23.601742078564516,-46.440954405137695
2023-11-15 18:27:56.000,PRBBC,-23.602916775380873,-46.43696206399862
2023-11-15 18:28:00.000,PRBBC,-23.60331289407476,-46.43403867305333
2023-11-15 18:28:04.000,PRBBC,-23.602991901340058,-46.432993629093914
2023-11-15 18:28:08.000,PRBBC,-23.60341533856456,-46.429452091231454
2023-11-15 18:28:12.000,PRBBC,-23.60383365356457,-46.426607249341934
2023-11-15 18:28:16.000,PRBBC,-23.604407342707443,-46.42509091104788
2023-11-15 18:28:20.000,PRBBC,-23.605276413462565,-46.42147423930599
2023-11-15 18:28:24.000,PRBBC,-23.60697186976873,-46.41820250037422
2023-11-15 18:28:28.000,PRBBC,-23.607636051544258,-46.41638904173877
2023-11-15 18:28:32.000,PRBBC,-23.60899856325858,-46.413445159735446
2023-11-15 18:28:36.000,PRBBC,-23.610125452646365,-46.41067203654902
2023-11-15 18:28:40.000,PRBBC,-23.610533523197393,-46.40915228307863
2023-11-15 18:28:44.000,PRBBC,-23.611546016238236,-46.406396235773904
2023-11-15 18:28:48.000,PRBBC,-23.612447527748465,-46.403722152701285
2023-11-15 18:28:52.000,PRBBC,-23.61305365764644,-46.40187454230245
2023-11-15 18:28:56.000,PRBBC,-23.6137349135036,-46.39913557087941
2023-11-15 18:29:00.000,PRBBC,-23.61444348789137,-46.396331711105944
2023-11-15 18:29:04.000,PRBBC,-23.614556176830153,-46.39454557388119
2023-11-15 18:29:08.000,PRBBC,-23.615257921585272,-46.39181001763449
2023-11-15 18:29:12.000,PRBBC,-23.615821366279164,-46.389211068441305
2023-11-15 18:29:16.000,PRBBC,-23.616144066422027,-46.38820359142161
2023-11-15 18:29:20.000,PRBBC,-23.61672800001388,-46.38581638316137
2023-11-15 18:29:24.000,PRBBC,-23.61735120399349,-46.38342917490114
2023-11-15 18:29:28.000,PRBBC,-23.618122952483304,-46.3814278815671
2023-11-15 18:29:32.000,PRBBC,-23.61752194480982,-46.37772241524041
2023-11-15 18:29:36.000,PRBBC,-23.617774641217988,-46.375147372281596
2023-11-15 18:29:40.000,PRBBC,-23.618520778585356,-46.373586636695144
2023-11-15 18:29:44.000,PRBBC,-23.61893226395271,-46.37106282138139
2023-11-15 18:29:48.000,PRBBC,-23.61941546046293,-46.36855949712567
2023-11-15 18:29:52.000,PRBBC,-23.61997378293233,-46.36511358420068
2023-11-15 18:29:56.000,PRBBC,-23.62034429050377,-46.36211164419961
2023-11-15 18:30:00.000,PRBBC,-23.62088041666705,-46.35935901207122
2023-11-15 18:30:04.000,PRBBC,-23.621148479748687,-46.35752506237773
2023-11-15 18:30:08.000,PRBBC,-23.622044869034426,-46.35460167143244
2023-11-15 18:30:12.000,PRBBC,-23.622553676667092,-46.352036874002636
2023-11-15 18:30:16.000,PRBBC,-23.622601484095664,-46.35047613841619
2023-11-15 18:30:20.000,PRBBC,-23.62305223985078,-46.347959153455115
2023-11-15 18:30:24.000,PRBBC,-23.623668614197733,-46.34535678908559
2023-11-15 18:30:28.000,PRBBC,-23.624093758830394,-46.34343745998366
2023-11-15 18:30:32.000,PRBBC,-23.624565003483468,-46.340872662553856
2023-11-15 18:30:36.000,PRBBC,-23.625096007422258,-46.33822931606827
2023-11-15 18:30:40.000,PRBBC,-23.62537431495288,-46.336924718707174
2023-11-15 18:30:44.000,PRBBC,-23.625744822524315,-46.33393643941146
2023-11-15 18:30:48.000,PRBBC,-23.62660364883046,-46.33109159752194
2023-11-15 18:30:53.000,PRBBC,-23.627161971299863,-46.32967088416535
2023-11-15 18:30:57.000,PRBBC,-23.628051530952945,-46.32633425688317
2023-11-15 18:31:01.000,PRBBC,-23.628534727463162,-46.32389240580153
2023-11-15 18:31:05.000,PRBBC,-23.629113538830524,-46.32244437103424
2023-11-15 18:31:09.000,PRBBC,-23.629864798422382,-46.31922727492388
2023-11-15 18:31:13.000,PRBBC,-23.630621180238727,-46.3165566070276
2023-11-15 18:31:17.000,PRBBC,-23.63103437301425,-46.31510515708396
2023-11-15 18:31:21.000,PRBBC,-23.632256877259177,-46.311512391576436
2023-11-15 18:31:25.000,PRBBC,-23.632214192055095,-46.30943254918662
2023-11-15 18:31:29.000,PRBBC,-23.632927888667357,-46.307755697604684
2023-11-15 18:31:33.000,PRBBC,-23.63401721507555,-46.304238065976584
2023-11-15 18:31:37.000,PRBBC,-23.634386015238825,-46.301768893484244
2023-11-15 18:31:41.000,PRBBC,-23.634493581953112,-46.300525769297224
2023-11-15 18:31:45.000,PRBBC,-23.635304600830683,-46.29717206613335
2023-11-15 18:31:49.000,PRBBC,-23.6359739048307,-46.294457000944675
2023-11-15 18:31:53.000,PRBBC,-23.636554423606224,-46.29292017159259
2023-11-15 18:31:57.000,PRBBC,-23.637251046136857,-46.28956646842872
2023-11-15 18:32:01.000,PRBBC,-23.63781449083075,-46.28685823359272
2023-11-15 18:32:05.000,PRBBC,-23.638253294728717,-46.28536580153303
2023-11-15 18:32:09.000,PRBBC,-23.63884405795322,-46.282036004603526
2023-11-15 18:32:13.000,PRBBC,-23.639407502647114,-46.27924580553541
2023-11-15 18:32:17.000,PRBBC,-23.639434821177726,-46.277855828765865
2023-11-15 18:32:21.000,PRBBC,-23.639965825116516,-46.27462165677382
2023-11-15 18:32:25.000,PRBBC,-23.64066244764715,-46.27164362300712
2023-11-15 18:32:29.000,PRBBC,-23.64124125901451,-46.269744784963216
2023-11-15 18:32:33.000,PRBBC,-23.64207788901453,-46.26602224275484
2023-11-15 18:32:37.000,PRBBC,-23.642533766994134,-46.26305445451715
2023-11-15 18:32:41.000,PRBBC,-23.64233570764719,-46.26154836175212
2023-11-15 18:32:45.000,PRBBC,-23.642400589157397,-46.25817758270655
2023-11-15 18:32:49.000,PRBBC,-23.642373270626784,-46.2549604865962
2023-11-15 18:32:53.000,PRBBC,-23.64205740011657,-46.253522697357916
2023-11-15 18:32:57.000,PRBBC,-23.642137648300245,-46.24981381585489
2023-11-15 18:33:01.000,PRBBC,-23.6423305854227,-46.24669917503468
2023-11-15 18:33:05.000,PRBBC,-23.642277655769636,-46.24522723403302
2023-11-15 18:33:09.000,PRBBC,-23.64230326689209,-46.241675450641544
2023-11-15 18:33:13.000,PRBBC,-23.64222301870841,-46.23897404615822
2023-11-15 18:33:17.000,PRBBC,-23.642550841075767,-46.23720156963882
2023-11-15 18:33:21.000,PRBBC,-23.642690848545158,-46.233543915780864
2023-11-15 18:33:25.000,PRBBC,-23.642803537483935,-46.230685413185995
2023-11-15 18:33:29.000,PRBBC,-23.642771096728833,-46.22925103912405
2023-11-15 18:33:33.000,PRBBC,-23.642856467136998,-46.22567876467455
2023-11-15 18:33:37.000,PRBBC,-23.64299647460639,-46.222792940668974
2023-11-15 18:33:41.000,PRBBC,-23.64301696350435,-46.22128684790394
2023-11-15 18:33:45.000,PRBBC,-23.64315697097374,-46.2176121181643
2023-11-15 18:33:49.000,PRBBC,-23.64316209319823,-46.21469897274802
2023-11-15 18:33:53.000,PRBBC,-23.64366065638192,-46.21333973256551
2023-11-15 18:33:57.000,PRBBC,-23.643296978443132,-46.2098391768191
2023-11-15 18:34:01.000,PRBBC,-23.64315697097374,-46.20682357611269
2023-11-15 18:34:05.000,PRBBC,-23.643044282034964,-46.205092081709346
2023-11-15 18:34:09.000,PRBBC,-23.643452352585996,-46.20158128043392
2023-11-15 18:34:13.000,PRBBC,-23.643044282034964,-46.19877742066046
2023-11-15 18:34:17.000,PRBBC,-23.642791585626792,-46.19699128343571
2023-11-15 18:34:21.000,PRBBC,-23.642518400320665,-46.19327215640367
2023-11-15 18:34:25.000,PRBBC,-23.642040326034937,-46.190516109098944
2023-11-15 18:34:30.000,PRBBC,-23.64204715566759,-46.18876070846123
2023-11-15 18:34:34.000,PRBBC,-23.642014714912488,-46.18504841178187
2023-11-15 18:34:38.000,PRBBC,-23.642014714912488,-46.1819918289594
2023-11-15 18:34:42.000,PRBBC,-23.64204715566759,-46.17942020117692
2023-11-15 18:34:46.000,PRBBC,-23.642127403851266,-46.17629873000403
2023-11-15 18:34:50.000,PRBBC,-23.642100085320653,-46.17331728106099
2023-11-15 18:34:54.000,PRBBC,-23.641884951892077,-46.17187266147003
2023-11-15 18:34:58.000,PRBBC,-23.641879829667587,-46.16801692738448
2023-11-15 18:35:02.000,PRBBC,-23.641852511136975,-46.16511402749722
2023-11-15 18:35:06.000,PRBBC,-23.641799581483912,-46.16375137213837
2023-11-15 18:35:10.000,PRBBC,-23.641879829667587,-46.159830749702394
2023-11-15 18:35:14.000,PRBBC,-23.641965200075752,-46.1568527159357
2023-11-15 18:35:18.000,PRBBC,-23.64174665183085,-46.15564032833572
2023-11-15 18:35:22.000,PRBBC,-23.64174665183085,-46.15186314330594
2023-11-15 18:35:26.000,PRBBC,-23.641939588953303,-46.14872118107502
2023-11-15 18:35:30.000,PRBBC,-23.64174665183085,-46.14750879347505
2023-11-15 18:35:34.000,PRBBC,-23.6417722629533,-46.14370428703456
2023-11-15 18:35:38.000,PRBBC,-23.64174665183085,-46.140866275497714
2023-11-15 18:35:42.000,PRBBC,-23.641719333300234,-46.13954118707859
2023-11-15 18:35:46.000,PRBBC,-23.641611766585946,-46.1328747628669
2023-11-15 18:35:50.000,PRBBC,-23.641471759116556,-46.1315701655058
2023-11-15 18:35:54.000,PRBBC,-23.641306140524716,-46.12791251164784
2023-11-15 18:35:58.000,PRBBC,-23.641253210871653,-46.125040348347625
2023-11-15 18:36:02.000,PRBBC,-23.64111832562675,-46.12365037157807
2023-11-15 18:36:06.000,PRBBC,-23.641085884871647,-46.11983561960857
2023-11-15 18:36:10.000,PRBBC,-23.64100563668797,-46.11697370183737
2023-11-15 18:36:14.000,PRBBC,-23.64100563668797,-46.11410836888982
2023-11-15 18:36:18.000,PRBBC,-23.640759769912457,-46.11177921862733
2023-11-15 18:36:22.000,PRBBC,-23.640785381034906,-46.10868506886514
2023-11-15 18:36:26.000,PRBBC,-23.64070513285123,-46.105905115326046
2023-11-15 18:36:30.000,PRBBC,-23.64042682532061,-46.10366817482468
2023-11-15 18:36:34.000,PRBBC,-23.64028681785122,-46.10087456058024
2023-11-15 18:36:38.000,PRBBC,-23.640372188259384,-46.097992151751
2023-11-15 18:36:42.000,PRBBC,-23.640153640014482,-46.095724474662596
2023-11-15 18:36:46.000,PRBBC,-23.640233888198157,-46.09270887395618
2023-11-15 18:36:50.000,PRBBC,-23.640319258606322,-46.0899664873568
2023-11-15 18:36:54.000,PRBBC,-23.64012632148387,-46.087852493203606
2023-11-15 18:36:58.000,PRBBC,-23.64029194007571,-46.0849188567293
2023-11-15 18:37:02.000,PRBBC,-23.640484877198162,-46.08222769777499
2023-11-15 18:37:06.000,PRBBC,-23.640592443912453,-46.079994172449965
2023-11-15 18:37:10.000,PRBBC,-23.640925388504296,-46.077022969035944
2023-11-15 18:37:14.000,PRBBC,-23.641203696034918,-46.07441718949008
2023-11-15 18:37:18.000,PRBBC,-23.64139151093288,-46.07212902134365
2023-11-15 18:37:22.000,PRBBC,-23.64167152587166,-46.0693080856885
2023-11-15 18:37:27.000,PRBBC,-23.641972029708406,-46.06665790885024
2023-11-15 18:37:31.000,PRBBC,-23.642170089055348,-46.06437315588015
2023-11-15 18:37:35.000,PRBBC,-23.64258328183087,-46.061419028347814
2023-11-15 18:37:39.000,PRBBC,-23.64299647460639,-46.05874153009886
2023-11-15 18:37:43.000,PRBBC,-23.643247463606397,-46.056449946776084
2023-11-15 18:37:47.000,PRBBC,-23.643612848953346,-46.05360168971023
2023-11-15 18:37:51.000,PRBBC,-23.64398847874927,-46.05082173617113
2023-11-15 18:37:55.000,PRBBC,-23.644046530626827,-46.048724817899625
2023-11-15 18:37:59.000,PRBBC,-23.644299227034995,-46.045972185771234
2023-11-15 18:38:03.000,PRBBC,-23.644562167892147,-46.043274196464246
2023-11-15 18:38:07.000,PRBBC,-23.644679979055415,-46.04091430961472
2023-11-15 18:38:11.000,PRBBC,-23.644932675463583,-46.03803873113816
2023-11-15 18:38:15.000,PRBBC,-23.645088049606443,-46.035436366768636
2023-11-15 18:38:19.000,PRBBC,-23.64506585330032,-46.03332920296811
2023-11-15 18:38:23.000,PRBBC,-23.645366357137064,-46.030409227199165
2023-11-15 18:38:27.000,PRBBC,-23.64558149056564,-46.027694162010484
2023-11-15 18:38:31.000,PRBBC,-23.645608809096252,-46.02548454291983
2023-11-15 18:38:35.000,PRBBC,-23.64583418697381,-46.02266019208834
2023-11-15 18:38:39.000,PRBBC,-23.646074931524836,-46.019921220665296
2023-11-15 18:38:43.000,PRBBC,-23.646160301933,-46.017708186398295
2023-11-15 18:38:47.000,PRBBC,-23.646412998341173,-46.01494872391723
2023-11-15 18:38:51.000,PRBBC,-23.64667593919832,-46.01212778826208
2023-11-15 18:38:55.000,PRBBC,-23.646733991075873,-46.00991133881874
2023-11-15 18:38:59.000,PRBBC,-23.646933757830983,-46.00701526928415
2023-11-15 18:39:03.000,PRBBC,-23.647142061626905,-46.00411236939689
2023-11-15 18:39:07.000,PRBBC,-23.647147183851395,-46.00178663431074
2023-11-15 18:39:11.000,PRBBC,-23.647259872790173,-45.99888714959982
2023-11-15 18:39:15.000,PRBBC,-23.647389635810583,-45.99606279876832
2023-11-15 18:39:19.000,PRBBC,-23.647420369157526,-45.993668760155415
2023-11-15 18:39:23.000,PRBBC,-23.647507446973854,-45.99072829332844
2023-11-15 18:39:27.000,PRBBC,-23.64758257293304,-45.987955170142016
2023-11-15 18:39:31.000,PRBBC,-23.647667943341204,-45.98559528329248
2023-11-15 18:39:35.000,PRBBC,-23.64789332121876,-45.98266506199452
2023-11-15 18:39:39.000,PRBBC,-23.647988936075908,-45.980004639627246
2023-11-15 18:39:43.000,PRBBC,-23.648101625014686,-45.97819801134447
2023-11-15 18:39:47.000,PRBBC,-23.64830139176979,-45.97494676347073
2023-11-15 18:39:51.000,PRBBC,-23.648514817790204,-45.971733082536716
2023-11-15 18:39:55.000,PRBBC,-23.648595065973883,-45.970124534481535
2023-11-15 18:39:59.000,PRBBC,-23.648767514198376,-45.966582996619074
2023-11-15 18:40:03.000,PRBBC,-23.648922888341236,-45.963826949314345
2023-11-15 18:40:07.000,PRBBC,-23.648922888341236,-45.963826949314345
2023-11-15 18:40:11.000,PRBBC,-23.649120947688182,-45.95839681893699
2023-11-15 18:40:15.000,PRBBC,-23.649283151463695,-45.955715905511695
2023-11-15 18:40:19.000,PRBBC,-23.64922851440247,-45.954175660983275
2023-11-15 18:40:23.000,PRBBC,-23.64936852187186,-45.950176489491525
2023-11-15 18:40:27.000,PRBBC,-23.649448770055535,-45.94739995112877
2023-11-15 18:40:31.000,PRBBC,-23.649448770055535,-45.94514593474572
2023-11-15 18:40:35.000,PRBBC,-23.649481210810638,-45.94229767767986
2023-11-15 18:40:39.000,PRBBC,-23.64952389601472,-45.93959968837287
2023-11-15 18:40:43.000,PRBBC,-23.649609266422885,-45.937014399885044
2023-11-15 18:40:47.000,PRBBC,-23.649721955361667,-45.934046611647354
2023-11-15 18:40:51.000,PRBBC,-23.649829522075954,-45.931188109052485
2023-11-15 18:40:55.000,PRBBC,-23.64988928136167,-45.9288316373793
2023-11-15 18:40:59.000,PRBBC,-23.650001970300448,-45.92590483125767
2023-11-15 18:41:03.000,PRBBC,-23.650077096259633,-45.92315219912927
2023-11-15 18:41:07.000,PRBBC,-23.650188077790247,-45.92067278110792
2023-11-15 18:41:11.000,PRBBC,-23.65027515560658,-45.9177562205153
2023-11-15 18:41:15.000,PRBBC,-23.650403211218826,-45.914918208978456
2023-11-15 18:41:19.000,PRBBC,-23.65046297050454,-45.912599304244985
2023-11-15 18:41:23.000,PRBBC,-23.650548340912707,-45.90980569000053
2023-11-15 18:41:27.000,PRBBC,-23.650650785402505,-45.90701549093242
2023-11-15 18:41:31.000,PRBBC,-23.65078908546373,-45.904488260442335
2023-11-15 18:41:35.000,PRBBC,-23.650901774402513,-45.90160243643676
2023-11-15 18:41:39.000,PRBBC,-23.651036659647414,-45.898822482897664
2023-11-15 18:41:43.000,PRBBC,-23.65114934858619,-45.89651040851687
2023-11-15 18:41:47.000,PRBBC,-23.65126203752497,-45.89350163816312
2023-11-15 18:41:51.000,PRBBC,-23.651362774606607,-45.89080364885614
2023-11-15 18:41:55.000,PRBBC,-23.651449852422935,-45.88825934248436
2023-11-15 18:41:59.000,PRBBC,-23.651588152484162,-45.88513787131147
2023-11-15 18:42:03.000,PRBBC,-23.65169571919845,-45.882334011538006
2023-11-15 18:42:07.000,PRBBC,-23.651803285912738,-45.87998778539383
2023-11-15 18:42:11.000,PRBBC,-23.651948415606622,-45.87695852398206
2023-11-15 18:42:15.000,PRBBC,-23.65205086009642,-45.87420589185367
2023-11-15 18:42:19.000,PRBBC,-23.652163549035198,-45.87187332641484
2023-11-15 18:42:23.000,PRBBC,-23.652301849096425,-45.86891578370617
2023-11-15 18:42:27.000,PRBBC,-23.652409415810713,-45.86605045075862
2023-11-15 18:42:31.000,PRBBC,-23.652464052871938,-45.86367007285107
2023-11-15 18:42:35.000,PRBBC,-23.652549423280107,-45.860569092736206
2023-11-15 18:42:39.000,PRBBC,-23.65259723070868,-45.857976973895695
2023-11-15 18:42:43.000,PRBBC,-23.652682601116844,-45.85565465398588
2023-11-15 18:42:47.000,PRBBC,-23.652769678933172,-45.852676620219185
2023-11-15 18:42:51.000,PRBBC,-23.652849927116847,-45.849865930093046
2023-11-15 18:42:55.000,PRBBC,-23.65290285676991,-45.847570931593935
2023-11-15 18:42:59.000,PRBBC,-23.653015545708687,-45.84468510758836
2023-11-15 18:43:03.000,PRBBC,-23.653090671667876,-45.84193247545997
2023-11-15 18:43:07.000,PRBBC,-23.653203360606653,-45.83962040107917
2023-11-15 18:43:11.000,PRBBC,-23.65331604954543,-45.836717501191906
2023-11-15 18:43:15.000,PRBBC,-23.65342361625972,-45.83402975741394
2023-11-15 18:43:19.000,PRBBC,-23.653536305198497,-45.831745004443846
2023-11-15 18:43:23.000,PRBBC,-23.65359435707605,-45.82876355550081
2023-11-15 18:43:27.000,PRBBC,-23.65361655338217,-45.82614411524959
2023-11-15 18:43:31.000,PRBBC,-23.653643871912788,-45.823886683690205
2023-11-15 18:43:35.000,PRBBC,-23.65361655338217,-45.820925725805196
2023-11-15 18:43:39.000,PRBBC,-23.65358411262707,-45.81827554896694
2023-11-15 18:43:43.000,PRBBC,-23.653536305198497,-45.81585418894333
2023-11-15 18:43:47.000,PRBBC,-23.653536305198497,-45.81296836493775
2023-11-15 18:43:51.000,PRBBC,-23.65347142368829,-45.81028745151246
2023-11-15 18:43:55.000,PRBBC,-23.65347654591278,-45.80869939451531
2023-11-15 18:43:59.000,PRBBC,-23.65342361625972,-45.80495977642524
2023-11-15 18:44:03.000,PRBBC,-23.653391175504616,-45.80219689876783
2023-11-15 18:44:07.000,PRBBC,-23.653391175504616,-45.80065323906308
2023-11-15 18:44:11.000,PRBBC,-23.65331092732094,-45.79697167897076
2023-11-15 18:44:15.000,PRBBC,-23.65327848656584,-45.79425661378208
2023-11-15 18:44:19.000,PRBBC,-23.65328360879033,-45.7925934229055
2023-11-15 18:44:23.000,PRBBC,-23.653256290259716,-45.78896309045825
2023-11-15 18:44:27.000,PRBBC,-23.653198238382164,-45.786312913619994
2023-11-15 18:44:31.000,PRBBC,-23.653225556912776,-45.78462923168538
2023-11-15 18:44:36.000,PRBBC,-23.653198238382164,-45.78106037241222
2023-11-15 18:44:40.000,PRBBC,-23.653138479096448,-45.77830774028382
2023-11-15 18:44:44.000,PRBBC,-23.653198238382164,-45.77666162528893
2023-11-15 18:44:48.000,PRBBC,-23.65317091985155,-45.773116672250126
2023-11-15 18:44:52.000,PRBBC,-23.65311799019849,-45.77045624988286
2023-11-15 18:44:56.000,PRBBC,-23.653251168035226,-45.76873841618487
2023-11-15 18:45:00.000,PRBBC,-23.653256290259716,-45.76496806150776
2023-11-15 18:45:04.000,PRBBC,-23.65327848656584,-45.76233837572754
2023-11-15 18:45:08.000,PRBBC,-23.65331092732094,-45.76086301954954
2023-11-15 18:45:12.000,PRBBC,-23.65331092732094,-45.7570448524037
2023-11-15 18:45:16.000,PRBBC,-23.6533314162189,-45.754357108625726
2023-11-15 18:45:20.000,PRBBC,-23.65330580509645,-45.7527622212759
2023-11-15 18:45:24.000,PRBBC,-23.653358734749514,-45.74900211212781
2023-11-15 18:45:28.000,PRBBC,-23.653358734749514,-45.74621874341238
2023-11-15 18:45:32.000,PRBBC,-23.653386053280126,-45.74464093194424
2023-11-15 18:45:36.000,PRBBC,-23.653391175504616,-45.740805688916716
2023-11-15 18:45:40.000,PRBBC,-23.653358734749514,-45.73812136031508
2023-11-15 18:45:44.000,PRBBC,-23.653358734749514,-45.736454754262155
2023-11-15 18:45:48.000,PRBBC,-23.65341849403523,-45.732674154056035
2023-11-15 18:45:52.000,PRBBC,-23.65341337181074,-45.729942012985674
2023-11-15 18:45:56.000,PRBBC,-23.653498742218904,-45.728295897990776
2023-11-15 18:46:00.000,PRBBC,-23.65357899040258,-45.72450163707931
2023-11-15 18:46:04.000,PRBBC,-23.65361143115768,-45.72181389330133
2023-11-15 18:46:08.000,PRBBC,-23.65369167934136,-45.72010288995602
2023-11-15 18:46:12.000,PRBBC,-23.653664360810748,-45.71597735693976
2023-11-15 18:46:16.000,PRBBC,-23.653664360810748,-45.71317691234264
2023-11-15 18:46:20.000,PRBBC,-23.653799246055648,-45.71074189161367
2023-11-15 18:46:24.000,PRBBC,-23.653824857178098,-45.70774336678895
2023-11-15 18:46:28.000,PRBBC,-23.653718997871973,-45.70488486419408
2023-11-15 18:46:32.000,PRBBC,-23.653799246055648,-45.70233714264596
2023-11-15 18:46:36.000,PRBBC,-23.653718997871973,-45.69929422052884
2023-11-15 18:46:40.000,PRBBC,-23.653631920055645,-45.69651085181341
2023-11-15 18:46:44.000,PRBBC,-23.653606308933192,-45.69398362132332
2023-11-15 18:46:48.000,PRBBC,-23.65357899040258,-45.69124123472394
2023-11-15 18:46:52.000,PRBBC,-23.653498742218904,-45.68829735272062
2023-11-15 18:46:56.000,PRBBC,-23.653551671871966,-45.68575987670152
2023-11-15 18:47:00.000,PRBBC,-23.653551671871966,-45.68299016869143
2023-11-15 18:47:04.000,PRBBC,-23.653498742218904,-45.6800360411591
2023-11-15 18:47:08.000,PRBBC,-23.65361143115768,-45.677583944548445
2023-11-15 18:47:12.000,PRBBC,-23.653551671871966,-45.674841557949065
2023-11-15 18:47:16.000,PRBBC,-23.65357899040258,-45.67198988570687
2023-11-15 18:47:20.000,PRBBC,-23.65357899040258,-45.669472900745795
2023-11-15 18:47:24.000,PRBBC,-23.653526060749517,-45.66669977755937
2023-11-15 18:47:29.000,PRBBC,-23.653498742218904,-45.66384469014084
2023-11-15 18:47:33.000,PRBBC,-23.653659238586258,-45.661501879173
2023-11-15 18:47:37.000,PRBBC,-23.65369167934136,-45.65887219339278
2023-11-15 18:47:41.000,PRBBC,-23.65369167934136,-45.65594880244748
2023-11-15 18:47:45.000,PRBBC,-23.653799246055648,-45.653524027247535
2023-11-15 18:47:49.000,PRBBC,-23.653771927525035,-45.65077139511914
2023-11-15 18:47:53.000,PRBBC,-23.653713875647483,-45.64786508005554
2023-11-15 18:47:57.000,PRBBC,-23.653879494239323,-45.64554276014573
2023-11-15 18:48:01.000,PRBBC,-23.653879494239323,-45.64285501636776
2023-11-15 18:48:05.000,PRBBC,-23.653824857178098,-45.63992479506979
2023-11-15 18:48:09.000,PRBBC,-23.653964864647488,-45.638384550541375
2023-11-15 18:48:13.000,PRBBC,-23.653911934994426,-45.63481227609187
2023-11-15 18:48:17.000,PRBBC,-23.653937546116875,-45.63199134043671
2023-11-15 18:48:21.000,PRBBC,-23.654072431361776,-45.630420359321256
2023-11-15 18:48:25.000,PRBBC,-23.65410487211688,-45.62695395533823
2023-11-15 18:48:29.000,PRBBC,-23.65410487211688,-45.62406130097998
2023-11-15 18:48:33.000,PRBBC,-23.65421243883117,-45.62249715021719
2023-11-15 18:48:37.000,PRBBC,-23.65421243883117,-45.61897610341276
2023-11-15 18:48:41.000,PRBBC,-23.65413219064749,-45.61603222140944
2023-11-15 18:48:45.000,PRBBC,-23.65421243883117,-45.61429389665342
2023-11-15 18:48:49.000,PRBBC,-23.654320005545458,-45.610929947960535
2023-11-15 18:48:53.000,PRBBC,-23.654265368484232,-45.60795191419383
2023-11-15 18:48:57.000,PRBBC,-23.654430987076072,-45.60621017426148
2023-11-15 18:49:01.000,PRBBC,-23.654598313076075,-45.602921359448025
2023-11-15 18:49:05.000,PRBBC,-23.654565872320973,-45.59999113815005
2023-11-15 18:49:09.000,PRBBC,-23.654651242729138,-45.5981776795146
2023-11-15 18:49:13.000,PRBBC,-23.654625631606688,-45.5946327264758
2023-11-15 18:49:17.000,PRBBC,-23.654598313076075,-45.591682014119804
2023-11-15 18:49:21.000,PRBBC,-23.654758809443425,-45.59000857771421
2023-11-15 18:49:25.000,PRBBC,-23.654813446504654,-45.58648753090977
2023-11-15 18:49:29.000,PRBBC,-23.654758809443425,-45.583458269498
2023-11-15 18:49:33.000,PRBBC,-23.654926135443432,-45.58178483309241
2023-11-15 18:49:37.000,PRBBC,-23.65495174656588,-45.578222804171915
2023-11-15 18:49:41.000,PRBBC,-23.655006383627107,-45.57527209181592
2023-11-15 18:49:45.000,PRBBC,-23.655119072565885,-45.57354401258891
2023-11-15 18:49:49.000,PRBBC,-23.655279568933235,-45.57010493001659
2023-11-15 18:49:53.000,PRBBC,-23.655364939341403,-45.567256672950734
2023-11-15 18:49:57.000,PRBBC,-23.65544518752508,-45.56542272325725
2023-11-15 18:50:01.000,PRBBC,-23.655499824586304,-45.56185386398408
2023-11-15 18:50:05.000,PRBBC,-23.655284691157725,-45.5585445581126
2023-11-15 18:50:09.000,PRBBC,-23.65541957640263,-45.55672768430081
2023-11-15 18:50:13.000,PRBBC,-23.65561251352508,-45.553339829373556
2023-11-15 18:50:17.000,PRBBC,-23.65563812464753,-45.55044375983897
2023-11-15 18:50:21.000,PRBBC,-23.65544518752508,-45.548176082750565
2023-11-15 18:50:25.000,PRBBC,-23.655144683688334,-45.544381821839096
2023-11-15 18:50:29.000,PRBBC,-23.65522493187201,-45.54127059619522
2023-11-15 18:50:33.000,PRBBC,-23.655364939341403,-45.53945372238342
2023-11-15 18:50:37.000,PRBBC,-23.655031994749557,-45.53587461758124
2023-11-15 18:50:41.000,PRBBC,-23.655252250402622,-45.53298879357567
2023-11-15 18:50:45.000,PRBBC,-23.655557876463856,-45.53121290187993
2023-11-15 18:50:49.000,PRBBC,-23.65544518752508,-45.527623551548736
2023-11-15 18:50:53.000,PRBBC,-23.65541957640263,-45.52465576331105
2023-11-15 18:50:57.000,PRBBC,-23.65563812464753,-45.522849135028274
2023-11-15 18:51:01.000,PRBBC,-23.655532265341407,-45.51926661504976
2023-11-15 18:51:05.000,PRBBC,-23.65558519499447,-45.5163193178701
2023-11-15 18:51:09.000,PRBBC,-23.655831061769984,-45.51462539040647
2023-11-15 18:51:13.000,PRBBC,-23.655697883933247,-45.511138495365415
2023-11-15 18:51:17.000,PRBBC,-23.65575081358631,-45.5081946133621
2023-11-15 18:51:21.000,PRBBC,-23.65610595448428,-45.506579234954245
2023-11-15 18:51:25.000,PRBBC,-23.65599838776999,-45.50301037568108
2023-11-15 18:51:29.000,PRBBC,-23.656051317423053,-45.50012113649917
2023-11-15 18:51:33.000,PRBBC,-23.656356943484283,-45.4984237938592
2023-11-15 18:51:37.000,PRBBC,-23.656078635953666,-45.49481395246998
2023-11-15 18:51:41.000,PRBBC,-23.656025706300603,-45.491852994584974
2023-11-15 18:51:45.000,PRBBC,-23.656384262014896,-45.49013174571064
2023-11-15 18:51:49.000,PRBBC,-23.65627157307612,-45.48657313196649
2023-11-15 18:51:53.000,PRBBC,-23.65627157307612,-45.48360192855247
2023-11-15 18:51:57.000,PRBBC,-23.656384262014896,-45.48174748780096
2023-11-15 18:52:01.000,PRBBC,-23.656464510198575,-45.47797371794751
2023-11-15 18:52:05.000,PRBBC,-23.656491828729187,-45.475012760062505
2023-11-15 18:52:09.000,PRBBC,-23.656657447321027,-45.47259481521523
2023-11-15 18:52:13.000,PRBBC,-23.656464510198575,-45.46959970556684
2023-11-15 18:52:17.000,PRBBC,-23.656464510198575,-45.466580689684086
2023-11-15 18:52:21.000,PRBBC,-23.656604517667965,-45.46413542342611
2023-11-15 18:52:25.000,PRBBC,-23.656652325096537,-45.46125984494955
2023-11-15 18:52:29.000,PRBBC,-23.65685038444348,-45.458479891410455
2023-11-15 18:52:33.000,PRBBC,-23.656957951157768,-45.45686109782626
2023-11-15 18:52:37.000,PRBBC,-23.656792332565928,-45.45299170303535
2023-11-15 18:52:41.000,PRBBC,-23.656737695504702,-45.44991804433119
2023-11-15 18:52:45.000,PRBBC,-23.65698526968838,-45.44837438462644
2023-11-15 18:52:49.000,PRBBC,-23.656930632627155,-45.44461769065468
2023-11-15 18:52:53.000,PRBBC,-23.657097958627162,-45.44172503629643
2023-11-15 18:52:57.000,PRBBC,-23.6572311364639,-45.4400481847145
2023-11-15 18:53:01.000,PRBBC,-23.656905021504706,-45.43602852216472
2023-11-15 18:53:05.000,PRBBC,-23.65706551787206,-45.43310171604309
2023-11-15 18:53:09.000,PRBBC,-23.657318214280227,-45.43144194034284
2023-11-15 18:53:13.000,PRBBC,-23.657178206810837,-45.427521317906866
2023-11-15 18:53:17.000,PRBBC,-23.657150888280224,-45.424457904731725
2023-11-15 18:53:22.000,PRBBC,-23.657478710647577,-45.42297230302471
2023-11-15 18:53:26.000,PRBBC,-23.657038199341446,-45.419044850236055
2023-11-15 18:53:30.000,PRBBC,-23.65668476585164,-45.41618634764119
2023-11-15 18:53:34.000,PRBBC,-23.65615376191285,-45.41473148252122
2023-11-15 18:53:38.000,PRBBC,-23.655006383627107,-45.41111139560299
2023-11-15 18:53:42.000,PRBBC,-23.654019501708714,-45.408386084885294
2023-11-15 18:53:46.000,PRBBC,-23.653005301259707,-45.40572566251802
2023-11-15 18:53:50.000,PRBBC,-23.652108911973972,-45.40337602119751
2023-11-15 18:53:54.000,PRBBC,-23.651234718994356,-45.40062338906912
2023-11-15 18:53:58.000,PRBBC,-23.6504510186474,-45.39796296670185
2023-11-15 18:54:02.000,PRBBC,-23.649476088586148,-45.39543573621176
2023-11-15 18:54:06.000,PRBBC,-23.648654825259598,-45.39268310408337
2023-11-15 18:54:10.000,PRBBC,-23.647780632279982,-45.389944132660325
2023-11-15 18:54:14.000,PRBBC,-23.646621302137095,-45.38727687994038
2023-11-15 18:54:18.000,PRBBC,-23.64563954244319,-45.38431592205537
2023-11-15 18:54:22.000,PRBBC,-23.6446526605248,-45.381515477458244
2023-11-15 18:54:26.000,PRBBC,-23.643875789810494,-45.3790736263766
2023-11-15 18:54:30.000,PRBBC,-23.642132526075756,-45.37348981306405
2023-11-15 18:54:34.000,PRBBC,-23.642132526075756,-45.37348981306405
2023-11-15 18:54:38.000,PRBBC,-23.640254377096117,-45.36819970491655
2023-11-15 18:54:42.000,PRBBC,-23.63916675809609,-45.365293389852944
2023-11-15 18:54:46.000,PRBBC,-23.638468428157296,-45.362971069943136
2023-11-15 18:54:50.000,PRBBC,-23.637706924116458,-45.36019111640404
2023-11-15 18:54:54.000,PRBBC,-23.636667112545005,-45.35734285933818
2023-11-15 18:54:58.000,PRBBC,-23.63586121589192,-45.35479855296641
2023-11-15 18:55:02.000,PRBBC,-23.634821404320466,-45.351844425434074
2023-11-15 18:55:06.000,PRBBC,-23.633779885340847,-45.3488595613147
2023-11-15 18:55:10.000,PRBBC,-23.633088385034707,-45.34649625928883
2023-11-15 18:55:14.000,PRBBC,-23.632161262402033,-45.34363434151762
2023-11-15 18:55:18.000,PRBBC,-23.631452688014257,-45.34093635221063
2023-11-15 18:55:22.000,PRBBC,-23.63080899513669,-45.33847059489463
2023-11-15 18:55:26.000,PRBBC,-23.62998260958565,-45.335690641355534
2023-11-15 18:55:30.000,PRBBC,-23.62892572393256,-45.33282530840798
2023-11-15 18:55:35.000,PRBBC,-23.62781590862641,-45.33023660474382
2023-11-15 18:55:39.000,PRBBC,-23.62691439711618,-45.3273917628543
2023-11-15 18:55:43.000,PRBBC,-23.626012885605956,-45.32448886296703
2023-11-15 18:55:47.000,PRBBC,-23.625208696361035,-45.32196846282962
2023-11-15 18:55:51.000,PRBBC,-23.624168884789583,-45.31900750494461
2023-11-15 18:55:55.000,PRBBC,-23.623159806565067,-45.31605679258862
2023-11-15 18:55:59.000,PRBBC,-23.622408546973208,-45.31357395939092
2023-11-15 18:56:03.000,PRBBC,-23.621647042932373,-45.3107291175014
2023-11-15 18:56:07.000,PRBBC,-23.62049966464663,-45.30777498996907
2023-11-15 18:56:11.000,PRBBC,-23.61966303464661,-45.30530581747673
2023-11-15 18:56:15.000,PRBBC,-23.61862663789148,-45.30241316311847
2023-11-15 18:56:19.000,PRBBC,-23.617479259605737,-45.29936682582502
2023-11-15 18:56:23.000,PRBBC,-23.61700118532001,-45.29702401485718
2023-11-15 18:56:27.000,PRBBC,-23.61630968501387,-45.29424406131808
2023-11-15 18:56:31.000,PRBBC,-23.615092302993432,-45.29128993378575
2023-11-15 18:56:35.000,PRBBC,-23.61442129158525,-45.28889589517284
2023-11-15 18:56:39.000,PRBBC,-23.61357953936074,-45.286057883636
2023-11-15 18:56:43.000,PRBBC,-23.612292153605605,-45.2830798498693
2023-11-15 18:56:47.000,PRBBC,-23.611235267952516,-45.28049456138147
2023-11-15 18:56:51.000,PRBBC,-23.610280826789225,-45.2775916614942
2023-11-15 18:56:55.000,PRBBC,-23.609025881789194,-45.274497511732015
2023-11-15 18:56:59.000,PRBBC,-23.608016803564677,-45.27211030347178
2023-11-15 18:57:03.000,PRBBC,-23.606896743809546,-45.268978586769876
2023-11-15 18:57:07.000,PRBBC,-23.605855224829927,-45.26584003971529
2023-11-15 18:57:11.000,PRBBC,-23.605464228360532,-45.26465497352602
2023-11-15 18:57:15.000,PRBBC,-23.604209283360497,-45.260570422625825
2023-11-15 18:57:19.000,PRBBC,-23.603195082911494,-45.25747968803997
2023-11-15 18:57:23.000,PRBBC,-23.602341378829838,-45.256619063602805
2023-11-15 18:57:27.000,PRBBC,-23.60110350791144,-45.25253451270261
2023-11-15 18:57:31.000,PRBBC,-23.600459815033872,-45.24925594341817
2023-11-15 18:57:35.000,PRBBC,-23.59951561831956,-45.24833384580692
2023-11-15 18:57:39.000,PRBBC,-23.59816847327871,-45.24441322337095
2023-11-15 18:57:43.000,PRBBC,-23.597627224890942,-45.24103902914904
2023-11-15 18:57:47.000,PRBBC,-23.59759478413584,-45.2386415753598
2023-11-15 18:57:51.000,PRBBC,-23.59611958348274,-45.23484731444833
2023-11-15 18:57:55.000,PRBBC,-23.595084894135773,-45.231930753855714
2023-11-15 18:57:59.000,PRBBC,-23.594774145850053,-45.23006265239885
2023-11-15 18:58:03.000,PRBBC,-23.593459441564303,-45.22628546736907
2023-11-15 18:58:07.000,PRBBC,-23.592149859503046,-45.22367968782321
2023-11-15 18:58:11.000,PRBBC,-23.592086685401004,-45.22165107307846
2023-11-15 18:58:15.000,PRBBC,-23.590659292176476,-45.218013910278536
2023-11-15 18:58:19.000,PRBBC,-23.590070236360134,-45.215008555101136
2023-11-15 18:58:23.000,PRBBC,-23.58785914278865,-45.21417866725101
2023-11-15 18:58:27.000,PRBBC,-23.58567024552329,-45.211070856783465
2023-11-15 18:58:31.000,PRBBC,-23.585146071217153,-45.208031349842685
2023-11-15 18:58:35.000,PRBBC,-23.584775563645714,-45.206146172504134
2023-11-15 18:58:39.000,PRBBC,-23.583563303849765,-45.20241338476674
2023-11-15 18:58:43.000,PRBBC,-23.582634473808923,-45.199554882171874
2023-11-15 18:58:47.000,PRBBC,-23.58186272531911,-45.197871200237266
2023-11-15 18:58:51.000,PRBBC,-23.580740958155815,-45.19408376967847
2023-11-15 18:58:55.000,PRBBC,-23.579673828053746,-45.19128674025768
2023-11-15 18:58:59.000,PRBBC,-23.579260635278224,-45.18937765668476
2023-11-15 18:59:03.000,PRBBC,-23.57758737527818,-45.18587027058568
2023-11-15 18:59:07.000,PRBBC,-23.57671318229857,-45.1829571251694
2023-11-15 18:59:11.000,PRBBC,-23.574947722257708,-45.181867683917595
2023-11-15 18:59:15.000,PRBBC,-23.573522036441343,-45.17824759699936
2023-11-15 18:59:19.000,PRBBC,-23.572753702767855,-45.175262732879986
2023-11-15 18:59:23.000,PRBBC,-23.572314898869884,-45.17335023413073
2023-11-15 18:59:27.000,PRBBC,-23.572207332155596,-45.16885244689364
2023-11-15 18:59:31.000,PRBBC,-23.572046835788246,-45.16562510525427
2023-11-15 18:59:35.000,PRBBC,-23.570769694482088,-45.16295102218165
2023-11-15 18:59:39.000,PRBBC,-23.57028649797187,-45.15973392607129
2023-11-15 18:59:43.000,PRBBC,-23.569670123624917,-45.15662611560375
2023-11-15 18:59:47.000,PRBBC,-23.569074238175922,-45.15376761300888
2023-11-15 18:59:51.000,PRBBC,-23.568425423073865,-45.15063931148331
2023-11-15 18:59:55.000,PRBBC,-23.566113592420745,-45.148474089685045
2023-11-15 18:59:59.000,PRBBC,-23.56343808382884,-45.1479754739397
2023-11-15 19:00:03.000,PRBBC,-23.5619509313186,-45.145229672163985
2023-11-15 19:00:07.000,PRBBC,-23.56065330111448,-45.14152079066097
2023-11-15 19:00:12.000,PRBBC,-23.55965105252262,-45.14014105942043
2023-11-15 19:00:16.000,PRBBC,-23.558449037175652,-45.136377535096
2023-11-15 19:00:20.000,PRBBC,-23.557590210869506,-45.13344731379804
2023-11-15 19:00:24.000,PRBBC,-23.556721140114384,-45.1320949039682
2023-11-15 19:00:28.000,PRBBC,-23.55534838395108,-45.12840992869955
2023-11-15 19:00:32.000,PRBBC,-23.554689324400044,-45.12549678328327
2023-11-15 19:00:36.000,PRBBC,-23.553760494359203,-45.124151203806115
2023-11-15 19:00:40.000,PRBBC,-23.55260799384897,-45.12037401877633
2023-11-15 19:00:44.000,PRBBC,-23.551866978706094,-45.11747111888907
2023-11-15 19:00:48.000,PRBBC,-23.551486226685675,-45.11580451283615
2023-11-15 19:00:52.000,PRBBC,-23.550477148461162,-45.111962439455944
2023-11-15 19:00:56.000,PRBBC,-23.54963027401216,-45.109172240387835
2023-11-15 19:01:00.000,PRBBC,-23.5476087027468,-45.10737585763407
2023-11-15 19:01:04.000,PRBBC,-23.546872809828415,-45.10453784609722
2023-11-15 19:01:08.000,PRBBC,-23.546218872501868,-45.101597379270245
2023-11-15 19:01:12.000,PRBBC,-23.544347553154882,-45.09971903228437
2023-11-15 19:01:16.000,PRBBC,-23.544019730787525,-45.09660439146415
2023-11-15 19:01:20.000,PRBBC,-23.542812593216066,-45.09401910297632
2023-11-15 19:01:24.000,PRBBC,-23.541825711297673,-45.09153968495496
2023-11-15 19:01:28.000,PRBBC,-23.540929322011937,-45.08879729835558
2023-11-15 19:01:32.000,PRBBC,-23.539921951195584,-45.086095893872255
2023-11-15 19:01:36.000,PRBBC,-23.538086487420028,-45.08408777018553
2023-11-15 19:01:40.000,PRBBC,-23.539143373073117,-45.079982728227314
2023-11-15 19:01:44.000,PRBBC,-23.539348262052712,-45.07643436001217
2023-11-15 19:01:48.000,PRBBC,-23.538311865297583,-45.07393786610913
2023-11-15 19:01:52.000,PRBBC,-23.536971549889387,-45.0714072204427
2023-11-15 19:01:56.000,PRBBC,-23.535458786256694,-45.06893804795036
2023-11-15 19:02:00.000,PRBBC,-23.53447702656279,-45.06753441047546
2023-11-15 19:02:04.000,PRBBC,-23.532761081358665,-45.064126064490175
2023-11-15 19:02:08.000,PRBBC,-23.53162906974639,-45.06151345459164
2023-11-15 19:02:12.000,PRBBC,-23.53023411727697,-45.05932091138267
2023-11-15 19:02:16.000,PRBBC,-23.529107227889185,-45.056653658662725
2023-11-15 19:02:20.000,PRBBC,-23.527894968093236,-45.05405812464588
2023-11-15 19:02:24.000,PRBBC,-23.526612704562588,-45.05285598257492
2023-11-15 19:02:28.000,PRBBC,-23.52577095233808,-45.04912319483753
2023-11-15 19:02:32.000,PRBBC,-23.525159700215614,-45.04581730414239
2023-11-15 19:02:36.000,PRBBC,-23.52468845556254,-45.04403799727031
2023-11-15 19:02:40.000,PRBBC,-23.523732306991086,-45.04008322307096
2023-11-15 19:02:44.000,PRBBC,-23.523170569705357,-45.03696175189806
2023-11-15 19:02:48.000,PRBBC,-23.521608291235932,-45.03586206511724
2023-11-15 19:02:52.000,PRBBC,-23.52065385007264,-45.03185947844916
2023-11-15 19:02:56.000,PRBBC,-23.520337979562427,-45.028936087503865
2023-11-15 19:03:00.000,PRBBC,-23.518920830786882,-45.02738559744643
2023-11-15 19:03:04.000,PRBBC,-23.51763344503175,-45.02356059994792
2023-11-15 19:03:08.000,PRBBC,-23.516979507705198,-45.02046303500939
2023-11-15 19:03:12.000,PRBBC,-23.51576212568476,-45.019155022471956
2023-11-15 19:03:16.000,PRBBC,-23.514421810276563,-45.01534710085513
2023-11-15 19:03:20.000,PRBBC,-23.513407609827556,-45.012546656258
2023-11-15 19:03:24.000,PRBBC,-23.512302916745895,-45.01120449195719
2023-11-15 19:03:28.000,PRBBC,-23.511363842256078,-45.00717116870206
2023-11-15 19:03:32.000,PRBBC,-23.510522090031564,-45.00424777775677
2023-11-15 19:03:36.000,PRBBC,-23.50982888231726,-45.00267679664131
2023-11-15 19:03:40.000,PRBBC,-23.508515885439678,-44.99889961161153
2023-11-15 19:03:45.000,PRBBC,-23.507834629582515,-44.99588401090511
2023-11-15 19:03:49.000,PRBBC,-23.50670261797024,-44.993954436274166
2023-11-15 19:03:53.000,PRBBC,-23.505748176806954,-44.99070318840043
2023-11-15 19:03:57.000,PRBBC,-23.505002039439585,-44.987718324281055
2023-11-15 19:04:01.000,PRBBC,-23.503955398235476,-44.98575459788673
2023-11-15 19:04:05.000,PRBBC,-23.502973638541576,-44.98223696625863
2023-11-15 19:04:09.000,PRBBC,-23.50218652337829,-44.97936138778207
2023-11-15 19:04:13.000,PRBBC,-23.50098963025581,-44.97772551831619
2023-11-15 19:04:17.000,PRBBC,-23.500067629847624,-44.97422154739345
2023-11-15 19:04:21.000,PRBBC,-23.499273685051683,-44.97137329032759
2023-11-15 19:04:25.000,PRBBC,-23.49784116960267,-44.96999014391072
2023-11-15 19:04:29.000,PRBBC,-23.496746720969988,-44.966636440746846
2023-11-15 19:04:33.000,PRBBC,-23.495787157582207,-44.963931621087184
2023-11-15 19:04:37.000,PRBBC,-23.49498296833729,-44.96216255974412
2023-11-15 19:04:41.000,PRBBC,-23.49410706794951,-44.95868249505574
2023-11-15 19:04:45.000,PRBBC,-23.49312701566377,-44.95600841198312
2023-11-15 19:04:49.000,PRBBC,-23.492433807949467,-44.95418129264231
2023-11-15 19:04:53.000,PRBBC,-23.491559614969855,-44.95069439760126
2023-11-15 19:04:57.000,PRBBC,-23.490985925826983,-44.947753930774276
2023-11-15 19:05:01.000,PRBBC,-23.490374673704515,-44.94580728026164
2023-11-15 19:05:05.000,PRBBC,-23.4893331547249,-44.94238868874735
2023-11-15 19:05:09.000,PRBBC,-23.488491402500387,-44.93960532003191
2023-11-15 19:05:13.000,PRBBC,-23.487634283602407,-44.93777478551477
2023-11-15 19:05:17.000,PRBBC,-23.486592764622788,-44.93434253329512
2023-11-15 19:05:21.000,PRBBC,-23.485751012398275,-44.931542088697995
2023-11-15 19:05:25.000,PRBBC,-23.484694126745186,-44.92985840676338
2023-11-15 19:05:29.000,PRBBC,-23.48378749301047,-44.9262519805505
2023-11-15 19:05:33.000,PRBBC,-23.482891103724732,-44.92348910289309
2023-11-15 19:05:37.000,PRBBC,-23.481974225541038,-44.92170979602101
2023-11-15 19:05:41.000,PRBBC,-23.48090709543897,-44.91829120450672
2023-11-15 19:05:45.000,PRBBC,-23.480070465438946,-44.91548051438058
2023-11-15 19:05:50.000,PRBBC,-23.47411673317349,-44.91712321419914
2023-11-15 19:05:54.000,PRBBC,-23.47430454807145,-44.9131786855288
2023-11-15 19:05:58.000,PRBBC,-23.474755303826566,-44.909240987211135
2023-11-15 19:06:02.000,PRBBC,-23.476256115602116,-44.90566871276163
2023-11-15 19:06:06.000,PRBBC,-23.47631587488783,-44.901495367276645
2023-11-15 19:06:10.000,PRBBC,-23.476122937765375,-44.89821338281587
2023-11-15 19:06:14.000,PRBBC,-23.4740091664592,-44.89704880768463
2023-11-15 19:06:18.000,PRBBC,-23.47291471782652,-44.893555082290895
2023-11-15 19:06:22.000,PRBBC,-23.47118169854076,-44.89128740520249
2023-11-15 19:06:26.000,PRBBC,-23.47036214262237,-44.88961738397323
2023-11-15 19:06:30.000,PRBBC,-23.46833886394885,-44.886881827726526
2023-11-15 19:06:34.000,PRBBC,-23.46698830409167,-44.88141413040945
2023-11-15 19:06:38.000,PRBBC,-23.46603215552022,-44.87869565004444
2023-11-15 19:06:42.000,PRBBC,-23.465137473642645,-44.87596009379774
2023-11-15 19:06:46.000,PRBBC,-23.464749891989573,-44.873084515321175
2023-11-15 19:06:50.000,PRBBC,-23.46333957284668,-44.87064266423954
2023-11-15 19:06:54.000,PRBBC,-23.462357813152778,-44.86794467493255
2023-11-15 19:06:58.000,PRBBC,-23.462658316989522,-44.86533206503402
2023-11-15 19:07:02.000,PRBBC,-23.461681679520108,-44.86191005834338
2023-11-15 19:07:06.000,PRBBC,-23.460867245826208,-44.85901398880879
2023-11-15 19:07:10.000,PRBBC,-23.459171789520042,-44.85700244994574
2023-11-15 19:07:14.000,PRBBC,-23.45761121845878,-44.85466305415424
2023-11-15 19:07:18.000,PRBBC,-23.456602140234263,-44.85195481931824
2023-11-15 19:07:22.000,PRBBC,-23.457718785173068,-44.848864084732384
2023-11-15 19:07:26.000,PRBBC,-23.457290225724076,-44.845821162615266
2023-11-15 19:07:30.000,PRBBC,-23.453475875887243,-44.84430482432121
2023-11-15 19:07:34.000,PRBBC,-23.45343319068316,-44.84112187997423
2023-11-15 19:07:38.000,PRBBC,-23.453057560887235,-44.837962841861625
2023-11-15 19:07:42.000,PRBBC,-23.45165748619332,-44.83555514254336
2023-11-15 19:07:46.000,PRBBC,-23.45235923094844,-44.83191797974344
2023-11-15 19:07:50.000,PRBBC,-23.452634123662733,-44.8282705714145
2023-11-15 19:07:54.000,PRBBC,-23.45387199458113,-44.82394012781797
2023-11-15 19:07:58.000,PRBBC,-23.453578320377044,-44.82086646911381
2023-11-15 19:08:02.000,PRBBC,-23.45150723427495,-44.818817363311034
2023-11-15 19:08:06.000,PRBBC,-23.44850390331569,-44.81741714101247
2023-11-15 19:08:10.000,PRBBC,-23.447672395540156,-44.815661740374765
2023-11-15 19:08:15.000,PRBBC,-23.445616676111534,-44.81296375106778
2023-11-15 19:08:19.000,PRBBC,-23.444641746050284,-44.81035797152192
2023-11-15 19:08:23.000,PRBBC,-23.443166545397183,-44.80896116439969
2023-11-15 19:08:27.000,PRBBC,-23.44175451884613,-44.80578163522905
2023-11-15 19:08:31.000,PRBBC,-23.440634459090997,-44.803151949448825
2023-11-15 19:08:35.000,PRBBC,-23.44229747464206,-44.79936451889003
2023-11-15 19:08:39.000,PRBBC,-23.43784967637664,-44.79852780068723
2023-11-15 19:08:43.000,PRBBC,-23.435758101376585,-44.79653333770586
2023-11-15 19:08:47.000,PRBBC,-23.43745867990724,-44.79287226867157
2023-11-15 19:08:51.000,PRBBC,-23.43649399429497,-44.78929657904573
2023-11-15 19:08:55.000,PRBBC,-23.43499147511126,-44.786882049374796
2023-11-15 19:08:59.000,PRBBC,-23.433934589458172,-44.7852359343799
2023-11-15 19:09:03.000,PRBBC,-23.432754770417326,-44.78260624859967
2023-11-15 19:09:07.000,PRBBC,-23.431510069866274,-44.78000046905381
2023-11-15 19:09:11.000,PRBBC,-23.43036269158053,-44.777585939382874
2023-11-15 19:09:15.000,PRBBC,-23.43036269158053,-44.777585939382874
2023-11-15 19:09:19.000,PRBBC,-23.43036269158053,-44.777585939382874
2023-11-15 19:09:23.000,PRBBC,-23.43036269158053,-44.777585939382874
2023-11-15 19:09:27.000,PRBBC,-23.423657699723215,-44.773002772737335
2023-11-15 19:09:31.000,PRBBC,-23.42196736564154,-44.771083443635405
2023-11-15 19:09:35.000,PRBBC,-23.42196736564154,-44.771083443635405
2023-11-15 19:09:39.000,PRBBC,-23.42196736564154,-44.771083443635405
2023-11-15 19:09:43.000,PRBBC,-23.42196736564154,-44.771083443635405
2023-11-15 19:12:39.000,PRBBC,-23.320700987475675,-44.68680030679096
2023-11-15 19:12:43.000,PRBBC,-23.319065290455224,-44.684874147336345
2023-11-15 19:12:47.000,PRBBC,-23.317304952638853,-44.682770398712165
2023-11-15 19:12:51.000,PRBBC,-23.31564193708779,-44.6817834127505
2023-11-15 19:12:55.000,PRBBC,-23.31504263682247,-44.677917433135924
2023-11-15 19:12:59.000,PRBBC,-23.313249858250995,-44.675963952270614
2023-11-15 19:13:03.000,PRBBC,-23.31047702739378,-44.67583076039344
2023-11-15 19:13:07.000,PRBBC,-23.3076188261284,-44.67376457870897
2023-11-15 19:13:12.000,PRBBC,-23.305735554924272,-44.67181792819633
2023-11-15 19:13:16.000,PRBBC,-23.303884724475246,-44.67093681270114
2023-11-15 19:13:20.000,PRBBC,-23.301412397454772,-44.66853935891189
2023-11-15 19:13:24.000,PRBBC,-23.299846704169017,-44.66639462817166
2023-11-15 19:13:28.000,PRBBC,-23.298076121903666,-44.66551351267647
2023-11-15 19:13:32.000,PRBBC,-23.295801854230138,-44.663040925007785
2023-11-15 19:13:36.000,PRBBC,-23.294003953434174,-44.66106695308444
2023-11-15 19:13:40.000,PRBBC,-23.29271144545455,-44.65985456548447
2023-11-15 19:13:44.000,PRBBC,-23.29040473702592,-44.657419544755506
2023-11-15 19:13:48.000,PRBBC,-23.28854366212791,-44.655486554948226
2023-11-15 19:13:52.000,PRBBC,-23.286848205821745,-44.65455421180796
2023-11-15 19:13:56.000,PRBBC,-23.284493689964542,-44.6521465124897
2023-11-15 19:14:00.000,PRBBC,-23.282525048352248,-44.65029890209087
2023-11-15 19:14:04.000,PRBBC,-23.28010565098484,-44.64988566575397
2023-11-15 19:14:08.000,PRBBC,-23.278427268760307,-44.64695202927967
2023-11-15 19:14:12.000,PRBBC,-23.276952068107207,-44.64465703078056
2023-11-15 19:14:16.000,PRBBC,-23.27504318578063,-44.643861294693814
2023-11-15 19:14:20.000,PRBBC,-23.273014784882616,-44.641187211621194
2023-11-15 19:14:24.000,PRBBC,-23.27129883967849,-44.639093708526026
2023-11-15 19:14:28.000,PRBBC,-23.269700705637632,-44.638021343155906
2023-11-15 19:14:32.000,PRBBC,-23.267436682413084,-44.63551118854751
2023-11-15 19:14:36.000,PRBBC,-23.265365596310993,-44.63363967191431
2023-11-15 19:14:40.000,PRBBC,-23.263371343576246,-44.63289857864897
2023-11-15 19:14:44.000,PRBBC,-23.260929749902715,-44.63042599098029
2023-11-15 19:14:48.000,PRBBC,-23.25882280822919,-44.62856813505244
2023-11-15 19:14:52.000,PRBBC,-23.25692246294343,-44.627693849909924
2023-11-15 19:14:56.000,PRBBC,-23.25473527308623,-44.62624581514263
2023-11-15 19:15:00.000,PRBBC,-23.25248661653515,-44.624527981444636
2023-11-15 19:15:04.000,PRBBC,-23.251586812433086,-44.62166947884977
2023-11-15 19:15:08.000,PRBBC,-23.2497991560861,-44.61978088633488
2023-11-15 19:15:12.000,PRBBC,-23.246828265881945,-44.61759858865492
2023-11-15 19:15:16.000,PRBBC,-23.245470876392112,-44.616311067175516
2023-11-15 19:15:20.000,PRBBC,-23.24363199780023,-44.61457274241949
2023-11-15 19:15:24.000,PRBBC,-23.240724281698114,-44.612315310860104
2023-11-15 19:15:28.000,PRBBC,-23.239559829330737,-44.61086044574014
2023-11-15 19:15:32.000,PRBBC,-23.236867246657198,-44.60864058112046
2023-11-15 19:15:36.000,PRBBC,-23.23458785675918,-44.6069705598912
2023-11-15 19:15:40.000,PRBBC,-23.23332778953466,-44.60557716794531
2023-11-15 19:15:44.000,PRBBC,-23.230297140044787,-44.603633932609014
2023-11-15 19:15:48.000,PRBBC,-23.227882864901865,-44.60212783984398
2023-11-15 19:15:52.000,PRBBC,-23.226906227432455,-44.600389515087954
2023-11-15 19:15:56.000,PRBBC,-23.224932463595668,-44.59868192691898
2023-11-15 19:16:00.000,PRBBC,-23.22286820712623,-44.59681724063845
2023-11-15 19:16:04.000,PRBBC,-23.22182668814661,-44.59399972015964
2023-11-15 19:16:08.000,PRBBC,-23.220003176228197,-44.592206752582214
2023-11-15 19:16:12.000,PRBBC,-23.216193948615853,-44.59075530263858
2023-11-15 19:16:16.000,PRBBC,-23.215009007350517,-44.58898965647185
2023-11-15 19:16:20.000,PRBBC,-23.21197835786064,-44.586896153376685
2023-11-15 19:16:24.000,PRBBC,-23.209586279023846,-44.58521930179475
2023-11-15 19:16:28.000,PRBBC,-23.20843207110545,-44.58368930279534
2023-11-15 19:16:32.000,PRBBC,-23.205508988329864,-44.58158555417116
2023-11-15 19:16:36.000,PRBBC,-23.203026416860414,-44.57996676058697
2023-11-15 19:16:40.000,PRBBC,-23.202092464595083,-44.578351382179115
2023-11-15 19:16:44.000,PRBBC,-23.19931451151338,-44.57615200861747
2023-11-15 19:16:48.000,PRBBC,-23.196830232635765,-44.57458444267835
2023-11-15 19:16:52.000,PRBBC,-23.196063606370437,-44.57297589462317
2023-11-15 19:16:56.000,PRBBC,-23.193301019962203,-44.57074919965083
2023-11-15 19:17:00.000,PRBBC,-23.191059193043777,-44.56897330795508
2023-11-15 19:17:04.000,PRBBC,-23.18968643688048,-44.5677062775337
2023-11-15 19:17:08.000,PRBBC,-23.18689140971714,-44.565486412914034
2023-11-15 19:17:12.000,PRBBC,-23.184617142043614,-44.563693445336604
2023-11-15 19:17:16.000,PRBBC,-23.182235307655798,-44.56302407077437
2023-11-15 19:17:20.000,PRBBC,-23.179655413921036,-44.56059929557441
2023-11-15 19:17:24.000,PRBBC,-23.177311142512814,-44.55865264506178
2023-11-15 19:17:28.000,PRBBC,-23.175771060349508,-44.55739244499307
2023-11-15 19:17:32.000,PRBBC,-23.173669240900477,-44.55574632999818
2023-11-15 19:17:36.000,PRBBC,-23.1700802689412,-44.55354012608386
2023-11-15 19:17:40.000,PRBBC,-23.168004060614617,-44.55146369887038
2023-11-15 19:17:44.000,PRBBC,-23.166180548696204,-44.54948972694704
2023-11-15 19:17:48.000,PRBBC,-23.163998481063494,-44.54765577725356
2023-11-15 19:17:52.000,PRBBC,-23.161176135369544,-44.546050644374716
2023-11-15 19:17:56.000,PRBBC,-23.15948067906338,-44.54399129304293
2023-11-15 19:18:00.000,PRBBC,-23.157399348512303,-44.541870468537056
2023-11-15 19:18:04.000,PRBBC,-23.155613399573483,-44.54077761210891
2023-11-15 19:18:08.000,PRBBC,-23.153200831838728,-44.53809669868362
2023-11-15 19:18:12.000,PRBBC,-23.151139990185612,-44.53600319558845
2023-11-15 19:18:16.000,PRBBC,-23.1498748007366,-44.53454491529214
2023-11-15 19:18:20.000,PRBBC,-23.147545896001848,-44.5317615465767
2023-11-15 19:18:24.000,PRBBC,-23.145502128430365,-44.52968853453956
2023-11-15 19:18:28.000,PRBBC,-23.143550560899705,-44.528663981638175
2023-11-15 19:18:32.000,PRBBC,-23.140900663430248,-44.5261913939695
2023-11-15 19:18:36.000,PRBBC,-23.138696399491415,-44.52422766757517
2023-11-15 19:18:40.000,PRBBC,-23.136502380001563,-44.522263941180846
2023-11-15 19:18:44.000,PRBBC,-23.134458612430084,-44.52044023701637
2023-11-15 19:18:48.000,PRBBC,-23.134458612430084,-44.52044023701637
2023-11-15 19:18:52.000,PRBBC,-23.134458612430084,-44.52044023701637
2023-11-15 19:18:56.000,PRBBC,-23.134458612430084,-44.52044023701637
2023-11-15 19:19:00.000,PRBBC,-23.134458612430084,-44.52044023701637
2023-11-15 19:19:04.000,PRBBC,-23.1249739600829,-44.51165981865149
2023-11-15 19:19:08.000,PRBBC,-23.12296775549101,-44.509754150254906
2023-11-15 19:19:12.000,PRBBC,-23.120941062001165,-44.50766747751241
2023-11-15 19:19:16.000,PRBBC,-23.118629231348045,-44.50567301453105
2023-11-15 19:19:20.000,PRBBC,-23.11638228220513,-44.50386297107193
2023-11-15 19:19:24.000,PRBBC,-23.114063621919357,-44.501916320559296
2023-11-15 19:19:28.000,PRBBC,-23.11168861716419,-44.49992527275426
2023-11-15 19:19:32.000,PRBBC,-23.109579968082507,-44.498023019534024
2023-11-15 19:19:36.000,PRBBC,-23.10731082263347,-44.4960148958473
2023-11-15 19:19:40.000,PRBBC,-23.10491362157218,-44.49401018733692
2023-11-15 19:19:44.000,PRBBC,-23.10303035036805,-44.49210110376401
2023-11-15 19:19:48.000,PRBBC,-23.10082608642922,-44.49001784619785
2023-11-15 19:19:52.000,PRBBC,-23.09866450769447,-44.48797898592409
2023-11-15 19:19:56.000,PRBBC,-23.09647048820462,-44.48613479070159
2023-11-15 19:20:00.000,PRBBC,-23.094233783510685,-44.484153988425575
2023-11-15 19:20:04.000,PRBBC,-23.09200732326573,-44.482132204033505
2023-11-15 19:20:08.000,PRBBC,-23.089883307510572,-44.480277763282
2023-11-15 19:20:12.000,PRBBC,-23.087609039837044,-44.47824231818457
2023-11-15 19:20:16.000,PRBBC,-23.087609039837044,-44.47824231818457
2023-11-15 19:20:20.000,PRBBC,-23.087609039837044,-44.47824231818457
